#password data will be later updated after the hashing process

INSERT INTO Users VALUES('sc00000','Saime Cekmeci',10000000000,'password','saime.cekmeci@gmail.com','L-4',05366547165,'Manager');
INSERT INTO Managers VALUES('sc00000');
INSERT INTO Users VALUES('et00001','Ezgin Turkoglu',10000000001,'password','ezgin.turkoglu@gmail.com','T-3',05378619138,'Doctor');
INSERT INTO Doctors VALUES('et00001','Oncologist',100);
INSERT INTO Users VALUES('ig00002','Istemi Furkan Goymen',10000000002,'password','istemi.goymen@gmail.com','Q-7',05339131398,'Doctor');
INSERT INTO Doctors VALUES('ig00002','Psychiatrist',101);
INSERT INTO Users VALUES('np00003','Naz Beril Pasolar',10000000003,'password','naz.pasolar@gmail.com','S-3',05322745276,'Doctor');
INSERT INTO Doctors VALUES('np00003','Immunologist',102);
INSERT INTO Users VALUES('yk00004','Yunus Goker Kaska',10000000004,'password','yunus.kaska@gmail.com','Z-8',05368534912,'Doctor');
INSERT INTO Doctors VALUES('yk00004','Physiatrist',103);
INSERT INTO Users VALUES('ak00005','Ayse Elif Kutlay',10000000005,'password','ayse.kutlay@gmail.com','D-11',05356867783,'Doctor');
INSERT INTO Doctors VALUES('ak00005','Oncologist',104);
INSERT INTO Users VALUES('es00006','Emir Dogan Solak',10000000006,'password','emir.solak@gmail.com','W-5',05344815974,'Doctor');
INSERT INTO Doctors VALUES('es00006','Gynecologist',105);
INSERT INTO Users VALUES('ks00007','Kaan Sahin',10000000007,'password','kaan.sahin@gmail.com','W-14',05346186497,'Doctor');
INSERT INTO Doctors VALUES('ks00007','Orthopedist',106);
INSERT INTO Users VALUES('ik00008','Ibrahim Hakki Kuskü',10000000008,'password','ibrahim.kuskü@gmail.com','Q-9',05359648674,'Doctor');
INSERT INTO Doctors VALUES('ik00008','Physiatrist',107);
INSERT INTO Users VALUES('gm00009','Gazanfer Mumcu',10000000009,'password','gazanfer.mumcu@gmail.com','H-20',05368684945,'Doctor');
INSERT INTO Doctors VALUES('gm00009','Cardiologist',108);
INSERT INTO Users VALUES('ta00010','Turan Agnar',10000000010,'password','turan.agnar@gmail.com','E-18',05372838542,'Doctor');
INSERT INTO Doctors VALUES('ta00010','Cardiologist',109);
INSERT INTO Users VALUES('nd00011','Nuece Durmusoglu',10000000011,'password','nuece.durmusoglu@gmail.com','I-16',05322144584,'Doctor');
INSERT INTO Doctors VALUES('nd00011','Radiologist',110);
INSERT INTO Users VALUES('da00012','Dogcan Alibeyoglu',10000000012,'password','dogcan.alibeyoglu@gmail.com','V-20',05399791262,'Doctor');
INSERT INTO Doctors VALUES('da00012','Immunologist',111);
INSERT INTO Users VALUES('nf00013','Nefse Furuncuoglu',10000000013,'password','nefse.furuncuoglu@gmail.com','L-1',05324486768,'Doctor');
INSERT INTO Doctors VALUES('nf00013','Neurologist',112);
INSERT INTO Users VALUES('md00014','Mustafa Dincturk',10000000014,'password','mustafa.dincturk@gmail.com','D-18',05348483271,'Doctor');
INSERT INTO Doctors VALUES('md00014','Gynecologist',113);
INSERT INTO Users VALUES('sm00015','Seren Munif',10000000015,'password','seren.munif@gmail.com','R-10',05364877714,'Doctor');
INSERT INTO Doctors VALUES('sm00015','Gynecologist',114);
INSERT INTO Users VALUES('md00016','Mehmet Baris Deliloglu',10000000016,'password','mehmet.deliloglu@gmail.com','I-14',05353318797,'Doctor');
INSERT INTO Doctors VALUES('md00016','Radiologist',115);
INSERT INTO Users VALUES('at00017','Aysu Tanis',10000000017,'password','aysu.tanis@gmail.com','Y-7',05395243253,'Doctor');
INSERT INTO Doctors VALUES('at00017','Gynecologist',116);
INSERT INTO Users VALUES('kd00018','Kubra Tansu Durmusoglu',10000000018,'password','kubra.durmusoglu@gmail.com','J-8',05391161596,'Doctor');
INSERT INTO Doctors VALUES('kd00018','Physiatrist',117);
INSERT INTO Users VALUES('mo00019','Mustafa Eren Okumus',10000000019,'password','mustafa.okumus@gmail.com','P-10',05385175477,'Doctor');
INSERT INTO Doctors VALUES('mo00019','Surgeon',118);
INSERT INTO Users VALUES('sb00020','Sude Bagci',10000000020,'password','sude.bagci@gmail.com','R-7',05326659854,'Doctor');
INSERT INTO Doctors VALUES('sb00020','Oncologist',119);
INSERT INTO Users VALUES('sg00021','Sukrü Ozümcan Gemalmaz',10000000021,'password','sukrü.gemalmaz@gmail.com','F-11',05315223718,'Doctor');
INSERT INTO Doctors VALUES('sg00021','Immunologist',120);
INSERT INTO Users VALUES('rr00022','Rabia Kubra Revan',10000000022,'password','rabia.revan@gmail.com','W-9',05373976262,'Doctor');
INSERT INTO Doctors VALUES('rr00022','Surgeon',121);
INSERT INTO Users VALUES('ez00023','Erhan Zaptiye',10000000023,'password','erhan.zaptiye@gmail.com','D-7',05333927167,'Doctor');
INSERT INTO Doctors VALUES('ez00023','Oncologist',122);
INSERT INTO Users VALUES('ec00024','Elife Cotur',10000000024,'password','elife.cotur@gmail.com','G-17',05317196932,'Doctor');
INSERT INTO Doctors VALUES('ec00024','Cardiologist',123);
INSERT INTO Users VALUES('it00025','Ilkyaz Topal',10000000025,'password','ilkyaz.topal@gmail.com','G-10',05348511635,'Doctor');
INSERT INTO Doctors VALUES('it00025','Surgeon',124);
INSERT INTO Users VALUES('ep00026','Ecegul Parlak',10000000026,'password','ecegul.parlak@gmail.com','M-18',05316433349,'Doctor');
INSERT INTO Doctors VALUES('ep00026','Neurologist',125);
INSERT INTO Users VALUES('it00027','Ilgaz Tanrikulu',10000000027,'password','ilgaz.tanrikulu@gmail.com','Y-9',05362633299,'Doctor');
INSERT INTO Doctors VALUES('it00027','Oncologist',126);
INSERT INTO Users VALUES('pk00028','Paker Kotan',10000000028,'password','paker.kotan@gmail.com','I-3',05379226297,'Doctor');
INSERT INTO Doctors VALUES('pk00028','Surgeon',127);
INSERT INTO Users VALUES('ly00029','Lokman Yondem',10000000029,'password','lokman.yondem@gmail.com','X-10',05376869821,'Doctor');
INSERT INTO Doctors VALUES('ly00029','Immunologist',128);
INSERT INTO Users VALUES('he00030','Halid Erbul',10000000030,'password','halid.erbul@gmail.com','A-13',05367748584,'Doctor');
INSERT INTO Doctors VALUES('he00030','Physiatrist',129);
INSERT INTO Users VALUES('ka00031','Kerem Arda Ayanoglu',10000000031,'password','kerem.ayanoglu@gmail.com','V-5',05386139718,'Doctor');
INSERT INTO Doctors VALUES('ka00031','Radiologist',130);
INSERT INTO Users VALUES('mb00032','Mehves Babadostu',10000000032,'password','mehves.babadostu@gmail.com','C-15',05358977981,'Doctor');
INSERT INTO Doctors VALUES('mb00032','Oncologist',131);
INSERT INTO Users VALUES('nk00033','Nebi Kundakci',10000000033,'password','nebi.kundakci@gmail.com','P-13',05376969682,'Doctor');
INSERT INTO Doctors VALUES('nk00033','Cardiologist',132);
INSERT INTO Users VALUES('ps00034','Perihan Seref',10000000034,'password','perihan.seref@gmail.com','J-11',05345425488,'Doctor');
INSERT INTO Doctors VALUES('ps00034','Immunologist',133);
INSERT INTO Users VALUES('ok00035','Oguzcan Karacabey',10000000035,'password','oguzcan.karacabey@gmail.com','F-17',05395258196,'Doctor');
INSERT INTO Doctors VALUES('ok00035','Physiatrist',134);
INSERT INTO Users VALUES('nt00036','Nadire Tufan',10000000036,'password','nadire.tufan@gmail.com','W-6',05341347774,'Doctor');
INSERT INTO Doctors VALUES('nt00036','Radiologist',135);
INSERT INTO Users VALUES('bo00037','Batu Ozmeteler',10000000037,'password','batu.ozmeteler@gmail.com','I-11',05396316875,'Doctor');
INSERT INTO Doctors VALUES('bo00037','Oncologist',136);
INSERT INTO Users VALUES('zy00038','Zulal Yalova',10000000038,'password','zulal.yalova@gmail.com','Y-10',05368223258,'Doctor');
INSERT INTO Doctors VALUES('zy00038','Radiologist',137);
INSERT INTO Users VALUES('it00039','Ilgaz Tolunay',10000000039,'password','ilgaz.tolunay@gmail.com','F-8',05333722234,'Doctor');
INSERT INTO Doctors VALUES('it00039','Oncologist',138);
INSERT INTO Users VALUES('ta00040','Tugra Aydogdu',10000000040,'password','tugra.aydogdu@gmail.com','X-13',05317824177,'Doctor');
INSERT INTO Doctors VALUES('ta00040','Cardiologist',139);
INSERT INTO Users VALUES('cm00041','Cagin Musaoglu',10000000041,'password','cagin.musaoglu@gmail.com','T-13',05351613432,'Doctor');
INSERT INTO Doctors VALUES('cm00041','Cardiologist',140);
INSERT INTO Users VALUES('ua00042','Umran Ahmet',10000000042,'password','umran.ahmet@gmail.com','R-17',05349473879,'Doctor');
INSERT INTO Doctors VALUES('ua00042','Immunologist',141);
INSERT INTO Users VALUES('to00043','Tunca Okkaya',10000000043,'password','tunca.okkaya@gmail.com','O-16',05319553164,'Doctor');
INSERT INTO Doctors VALUES('to00043','Immunologist',142);
INSERT INTO Users VALUES('do00044','Dilara Aysim Okcu',10000000044,'password','dilara.okcu@gmail.com','Z-17',05316151424,'Doctor');
INSERT INTO Doctors VALUES('do00044','Gynecologist',143);
INSERT INTO Users VALUES('ko00045','Kurtbey Ozuberk',10000000045,'password','kurtbey.ozuberk@gmail.com','V-11',05311698965,'Doctor');
INSERT INTO Doctors VALUES('ko00045','Physiatrist',144);
INSERT INTO Users VALUES('ab00046','Aygun Baldo',10000000046,'password','aygun.baldo@gmail.com','Z-6',05385525739,'Doctor');
INSERT INTO Doctors VALUES('ab00046','Oncologist',145);
INSERT INTO Users VALUES('by00047','Behin Yalmac',10000000047,'password','behin.yalmac@gmail.com','O-9',05348163138,'Doctor');
INSERT INTO Doctors VALUES('by00047','Oncologist',146);
INSERT INTO Users VALUES('aa00048','Ayman Aral',10000000048,'password','ayman.aral@gmail.com','P-9',05313454482,'Doctor');
INSERT INTO Doctors VALUES('aa00048','Physiatrist',147);
INSERT INTO Users VALUES('ns00049','Nazim Berke Saraclar',10000000049,'password','nazim.saraclar@gmail.com','Y-17',05382882144,'Doctor');
INSERT INTO Doctors VALUES('ns00049','Radiologist',148);
INSERT INTO Users VALUES('nb00050','Nesli Batga',10000000050,'password','nesli.batga@gmail.com','Z-19',05393764544,'Doctor');
INSERT INTO Doctors VALUES('nb00050','Neurologist',149);
INSERT INTO Users VALUES('fm00051','Fahir Mercimekci',10000000051,'password','fahir.mercimekci@gmail.com','B-19',05312146562,'Nurse');
INSERT INTO Nurses VALUES('fm00051');
INSERT INTO Users VALUES('ft00052','Faik Tarakci',10000000052,'password','faik.tarakci@gmail.com','K-12',05381781679,'Nurse');
INSERT INTO Nurses VALUES('ft00052');
INSERT INTO Users VALUES('es00053','Ezel Saydan',10000000053,'password','ezel.saydan@gmail.com','F-8',05364651836,'Nurse');
INSERT INTO Nurses VALUES('es00053');
INSERT INTO Users VALUES('mm00054','Mehmet Anil Maldar',10000000054,'password','mehmet.maldar@gmail.com','Y-18',05386672571,'Nurse');
INSERT INTO Nurses VALUES('mm00054');
INSERT INTO Users VALUES('to00055','Tubanur Ozcan',10000000055,'password','tubanur.ozcan@gmail.com','E-13',05339213246,'Nurse');
INSERT INTO Nurses VALUES('to00055');
INSERT INTO Users VALUES('ed00056','Emre Can Dur',10000000056,'password','emre.dur@gmail.com','B-16',05339396966,'Nurse');
INSERT INTO Nurses VALUES('ed00056');
INSERT INTO Users VALUES('st00057','Sirma Begum Topalan',10000000057,'password','sirma.topalan@gmail.com','Q-15',05361594471,'Nurse');
INSERT INTO Nurses VALUES('st00057');
INSERT INTO Users VALUES('gg00058','Gundüz Gulkan',10000000058,'password','gundüz.gulkan@gmail.com','P-3',05399938822,'Nurse');
INSERT INTO Nurses VALUES('gg00058');
INSERT INTO Users VALUES('ga00059','Gunkut Altintas',10000000059,'password','gunkut.altintas@gmail.com','S-9',05371699448,'Nurse');
INSERT INTO Nurses VALUES('ga00059');
INSERT INTO Users VALUES('mb00060','Menekse Bolge',10000000060,'password','menekse.bolge@gmail.com','C-20',05335985941,'Nurse');
INSERT INTO Nurses VALUES('mb00060');
INSERT INTO Users VALUES('mm00061','Mugenur Mp',10000000061,'password','mugenur.mp@gmail.com','V-20',05378158882,'Nurse');
INSERT INTO Nurses VALUES('mm00061');
INSERT INTO Users VALUES('mc00062','Murtaza Candan',10000000062,'password','murtaza.candan@gmail.com','O-6',05353432953,'Nurse');
INSERT INTO Nurses VALUES('mc00062');
INSERT INTO Users VALUES('km00063','Kerem Arda Metin',10000000063,'password','kerem.metin@gmail.com','L-12',05349233119,'Nurse');
INSERT INTO Nurses VALUES('km00063');
INSERT INTO Users VALUES('ht00064','Hasan Fahri Tektas',10000000064,'password','hasan.tektas@gmail.com','Q-10',05357612853,'Nurse');
INSERT INTO Nurses VALUES('ht00064');
INSERT INTO Users VALUES('dr00065','Dursun Korel Ravasan',10000000065,'password','dursun.ravasan@gmail.com','Y-6',05332842693,'Nurse');
INSERT INTO Nurses VALUES('dr00065');
INSERT INTO Users VALUES('mo00066','Mukerrem Zeynep Ozbey',10000000066,'password','mukerrem.ozbey@gmail.com','O-15',05392151925,'Nurse');
INSERT INTO Nurses VALUES('mo00066');
INSERT INTO Users VALUES('yc00067','Yasar Utku Cosandal',10000000067,'password','yasar.cosandal@gmail.com','N-18',05365823329,'Nurse');
INSERT INTO Nurses VALUES('yc00067');
INSERT INTO Users VALUES('sd00068','Seher Duzbayir',10000000068,'password','seher.duzbayir@gmail.com','A-10',05317329754,'Nurse');
INSERT INTO Nurses VALUES('sd00068');
INSERT INTO Users VALUES('cu00069','Cankiz Unay',10000000069,'password','cankiz.unay@gmail.com','P-16',05358648913,'Nurse');
INSERT INTO Nurses VALUES('cu00069');
INSERT INTO Users VALUES('as00070','Aycag Sozuer',10000000070,'password','aycag.sozuer@gmail.com','G-9',05391887913,'Nurse');
INSERT INTO Nurses VALUES('as00070');
INSERT INTO Users VALUES('rp00071','Rima Pasolar',10000000071,'password','rima.pasolar@gmail.com','Y-6',05357265329,'Nurse');
INSERT INTO Nurses VALUES('rp00071');
INSERT INTO Users VALUES('ku00072','Koksal Ustabasi',10000000072,'password','koksal.ustabasi@gmail.com','L-3',05334898234,'Nurse');
INSERT INTO Nurses VALUES('ku00072');
INSERT INTO Users VALUES('ab00073','Ahenk Bilgit',10000000073,'password','ahenk.bilgit@gmail.com','Q-9',05396252252,'Nurse');
INSERT INTO Nurses VALUES('ab00073');
INSERT INTO Users VALUES('oe00074','Ozgen Elbasi',10000000074,'password','ozgen.elbasi@gmail.com','H-14',05333399282,'Nurse');
INSERT INTO Nurses VALUES('oe00074');
INSERT INTO Users VALUES('ac00075','Ayben Catal',10000000075,'password','ayben.catal@gmail.com','W-19',05314827524,'Nurse');
INSERT INTO Nurses VALUES('ac00075');
INSERT INTO Users VALUES('sm00076','Sukran Morbenli',10000000076,'password','sukran.morbenli@gmail.com','X-5',05347472958,'Nurse');
INSERT INTO Nurses VALUES('sm00076');
INSERT INTO Users VALUES('ov00077','Oymen Vanli',10000000077,'password','oymen.vanli@gmail.com','Y-5',05369896546,'Nurse');
INSERT INTO Nurses VALUES('ov00077');
INSERT INTO Users VALUES('ok00078','Omer Okan Kocbaba',10000000078,'password','omer.kocbaba@gmail.com','Z-13',05344866371,'Nurse');
INSERT INTO Nurses VALUES('ok00078');
INSERT INTO Users VALUES('ih00079','Ilkyaz Hakverdi',10000000079,'password','ilkyaz.hakverdi@gmail.com','W-17',05313624447,'Nurse');
INSERT INTO Nurses VALUES('ih00079');
INSERT INTO Users VALUES('bt00080','Barin Tercan',10000000080,'password','barin.tercan@gmail.com','J-14',05326421955,'Nurse');
INSERT INTO Nurses VALUES('bt00080');
INSERT INTO Users VALUES('bh00081','Beyzanur Hopaci',10000000081,'password','beyzanur.hopaci@gmail.com','F-14',05324443359,'Nurse');
INSERT INTO Nurses VALUES('bh00081');
INSERT INTO Users VALUES('em00082','Eralp Magden',10000000082,'password','eralp.magden@gmail.com','T-11',05382576238,'Nurse');
INSERT INTO Nurses VALUES('em00082');
INSERT INTO Users VALUES('ro00083','Rekin Ozelci',10000000083,'password','rekin.ozelci@gmail.com','F-3',05391342858,'Nurse');
INSERT INTO Nurses VALUES('ro00083');
INSERT INTO Users VALUES('zs00084','Zarife Begum Sazak',10000000084,'password','zarife.sazak@gmail.com','X-12',05394155491,'Nurse');
INSERT INTO Nurses VALUES('zs00084');
INSERT INTO Users VALUES('ge00085','Gamzenur Eruzun',10000000085,'password','gamzenur.eruzun@gmail.com','E-15',05339792925,'Nurse');
INSERT INTO Nurses VALUES('ge00085');
INSERT INTO Users VALUES('me00086','Mustafa Samed Eyipisiren',10000000086,'password','mustafa.eyipisiren@gmail.com','Z-8',05382534492,'Nurse');
INSERT INTO Nurses VALUES('me00086');
INSERT INTO Users VALUES('sg00087','Sukran Goksoy',10000000087,'password','sukran.goksoy@gmail.com','W-2',05345443287,'Nurse');
INSERT INTO Nurses VALUES('sg00087');
INSERT INTO Users VALUES('kh00088','Kamer Hopaci',10000000088,'password','kamer.hopaci@gmail.com','X-16',05352199829,'Nurse');
INSERT INTO Nurses VALUES('kh00088');
INSERT INTO Users VALUES('ee00089','Emine Tugce Evrenos',10000000089,'password','emine.evrenos@gmail.com','R-6',05343849653,'Nurse');
INSERT INTO Nurses VALUES('ee00089');
INSERT INTO Users VALUES('bk00090','Berhudan Kalfaoglu',10000000090,'password','berhudan.kalfaoglu@gmail.com','G-16',05324267886,'Nurse');
INSERT INTO Nurses VALUES('bk00090');
INSERT INTO Users VALUES('ia00091','Irem Ceren Asci',10000000091,'password','irem.asci@gmail.com','M-14',05375786785,'Nurse');
INSERT INTO Nurses VALUES('ia00091');
INSERT INTO Users VALUES('yk00092','Yigit Alperen Kurüm',10000000092,'password','yigit.kurüm@gmail.com','T-5',05325237274,'Nurse');
INSERT INTO Nurses VALUES('yk00092');
INSERT INTO Users VALUES('no00093','Nuelif Okmen',10000000093,'password','nuelif.okmen@gmail.com','C-5',05358173781,'Nurse');
INSERT INTO Nurses VALUES('no00093');
INSERT INTO Users VALUES('nt00094','Nur Dilay Tut',10000000094,'password','nur.tut@gmail.com','P-10',05383781781,'Nurse');
INSERT INTO Nurses VALUES('nt00094');
INSERT INTO Users VALUES('sg00095','Seven Gokhan',10000000095,'password','seven.gokhan@gmail.com','M-20',05316727647,'Nurse');
INSERT INTO Nurses VALUES('sg00095');
INSERT INTO Users VALUES('ta00096','Tunca Akcay',10000000096,'password','tunca.akcay@gmail.com','X-3',05385837973,'Nurse');
INSERT INTO Nurses VALUES('ta00096');
INSERT INTO Users VALUES('se00097','Saliha Zeynep Emikoglu',10000000097,'password','saliha.emikoglu@gmail.com','U-15',05342938893,'Nurse');
INSERT INTO Nurses VALUES('se00097');
INSERT INTO Users VALUES('ci00098','Cihan Ipekoglu',10000000098,'password','cihan.ipekoglu@gmail.com','W-13',05391969821,'Nurse');
INSERT INTO Nurses VALUES('ci00098');
INSERT INTO Users VALUES('kn00099','Karanalp Nalbant',10000000099,'password','karanalp.nalbant@gmail.com','P-8',05376569989,'Nurse');
INSERT INTO Nurses VALUES('kn00099');
INSERT INTO Users VALUES('ia00100','Ikbal Atok',10000000100,'password','ikbal.atok@gmail.com','F-14',05332314834,'Nurse');
INSERT INTO Nurses VALUES('ia00100');
INSERT INTO Users VALUES('oy00101','Oktem Yesilcimen',10000000101,'password','oktem.yesilcimen@gmail.com','B-6',05389957138,'Nurse');
INSERT INTO Nurses VALUES('oy00101');
INSERT INTO Users VALUES('ah00102','Ahuela Huner',10000000102,'password','ahuela.huner@gmail.com','S-1',05327788125,'Nurse');
INSERT INTO Nurses VALUES('ah00102');
INSERT INTO Users VALUES('ao00103','Arel Ozer',10000000103,'password','arel.ozer@gmail.com','O-10',05384978755,'Nurse');
INSERT INTO Nurses VALUES('ao00103');
INSERT INTO Users VALUES('fm00104','Fatma Ozlem Muratoglu',10000000104,'password','fatma.muratoglu@gmail.com','T-18',05346359479,'Nurse');
INSERT INTO Nurses VALUES('fm00104');
INSERT INTO Users VALUES('vc00105','Volkan Eyup CanTabir',10000000105,'password','volkan.cantabir@gmail.com','B-9',05328929343,'Nurse');
INSERT INTO Nurses VALUES('vc00105');
INSERT INTO Users VALUES('as00106','Ali Samar',10000000106,'password','ali.samar@gmail.com','K-2',05351498189,'Nurse');
INSERT INTO Nurses VALUES('as00106');
INSERT INTO Users VALUES('mm00107','Muhammed Enes Musaoglu',10000000107,'password','muhammed.musaoglu@gmail.com','F-4',05339996996,'Nurse');
INSERT INTO Nurses VALUES('mm00107');
INSERT INTO Users VALUES('bu00108','Batug UfukCanga',10000000108,'password','batug.ufukcanga@gmail.com','V-19',05337246729,'Nurse');
INSERT INTO Nurses VALUES('bu00108');
INSERT INTO Users VALUES('at00109','Arkan Tut',10000000109,'password','arkan.tut@gmail.com','L-3',05368565711,'Nurse');
INSERT INTO Nurses VALUES('at00109');
INSERT INTO Users VALUES('cb00110','Cantekin Bilgir',10000000110,'password','cantekin.bilgir@gmail.com','R-6',05378958887,'Nurse');
INSERT INTO Nurses VALUES('cb00110');
INSERT INTO Users VALUES('ra00111','Rima Akkiray',10000000111,'password','rima.akkiray@gmail.com','S-10',05315276796,'Nurse');
INSERT INTO Nurses VALUES('ra00111');
INSERT INTO Users VALUES('ak00112','Alagul Kundakci',10000000112,'password','alagul.kundakci@gmail.com','U-8',05386484336,'Nurse');
INSERT INTO Nurses VALUES('ak00112');
INSERT INTO Users VALUES('pa00113','Parla Ayvacik',10000000113,'password','parla.ayvacik@gmail.com','B-14',05357474826,'Nurse');
INSERT INTO Nurses VALUES('pa00113');
INSERT INTO Users VALUES('on00114','Ozer Seckin Nayman',10000000114,'password','ozer.nayman@gmail.com','X-12',05332562684,'Nurse');
INSERT INTO Nurses VALUES('on00114');
INSERT INTO Users VALUES('er00115','Elif Etga Rauf',10000000115,'password','elif.rauf@gmail.com','K-15',05397683441,'Nurse');
INSERT INTO Nurses VALUES('er00115');
INSERT INTO Users VALUES('so00116','Sefa Kadir Ozirk',10000000116,'password','sefa.ozirk@gmail.com','C-6',05313715973,'Nurse');
INSERT INTO Nurses VALUES('so00116');
INSERT INTO Users VALUES('mm00117','Muharrem Maydagil',10000000117,'password','muharrem.maydagil@gmail.com','I-9',05316379327,'Nurse');
INSERT INTO Nurses VALUES('mm00117');
INSERT INTO Users VALUES('ss00118','Selimcan Sazak',10000000118,'password','selimcan.sazak@gmail.com','Z-18',05389722151,'Nurse');
INSERT INTO Nurses VALUES('ss00118');
INSERT INTO Users VALUES('jd00119','Jiyan Dudu',10000000119,'password','jiyan.dudu@gmail.com','U-5',05365398936,'Nurse');
INSERT INTO Nurses VALUES('jd00119');
INSERT INTO Users VALUES('ak00120','Aykut Kavas',10000000120,'password','aykut.kavas@gmail.com','R-7',05318473655,'Nurse');
INSERT INTO Nurses VALUES('ak00120');
INSERT INTO Users VALUES('zg00121','Zuleyha Gulec',10000000121,'password','zuleyha.gulec@gmail.com','Y-9',05336287285,'Nurse');
INSERT INTO Nurses VALUES('zg00121');
INSERT INTO Users VALUES('zu00122','Zulcenah Ucanok',10000000122,'password','zulcenah.ucanok@gmail.com','B-1',05337879976,'Nurse');
INSERT INTO Nurses VALUES('zu00122');
INSERT INTO Users VALUES('so00123','Sabiha Esra Oguz',10000000123,'password','sabiha.oguz@gmail.com','W-5',05398775358,'Nurse');
INSERT INTO Nurses VALUES('so00123');
INSERT INTO Users VALUES('ro00124','Resmiye Elif Ozayral',10000000124,'password','resmiye.ozayral@gmail.com','E-15',05351341777,'Nurse');
INSERT INTO Nurses VALUES('ro00124');
INSERT INTO Users VALUES('eb00125','Eslem Baykan',10000000125,'password','eslem.baykan@gmail.com','Q-7',05326877567,'Nurse');
INSERT INTO Nurses VALUES('eb00125');
INSERT INTO Users VALUES('ms00126','Mustafa Emir Saydam',10000000126,'password','mustafa.saydam@gmail.com','G-4',05342977477,'Nurse');
INSERT INTO Nurses VALUES('ms00126');
INSERT INTO Users VALUES('ht00127','Haci Bayram Tayfun',10000000127,'password','haci.tayfun@gmail.com','P-11',05385577792,'Nurse');
INSERT INTO Nurses VALUES('ht00127');
INSERT INTO Users VALUES('mk00128','Mehmet Can Kuloglu',10000000128,'password','mehmet.kuloglu@gmail.com','Q-16',05313461873,'Nurse');
INSERT INTO Nurses VALUES('mk00128');
INSERT INTO Users VALUES('aa00129','Alaatin Agca',10000000129,'password','alaatin.agca@gmail.com','D-7',05319567121,'Nurse');
INSERT INTO Nurses VALUES('aa00129');
INSERT INTO Users VALUES('nb00130','Neslihan Busra Berker',10000000130,'password','neslihan.berker@gmail.com','I-18',05364848532,'Nurse');
INSERT INTO Nurses VALUES('nb00130');
INSERT INTO Users VALUES('bk00131','Benek Koytak',10000000131,'password','benek.koytak@gmail.com','J-2',05325482573,'Nurse');
INSERT INTO Nurses VALUES('bk00131');
INSERT INTO Users VALUES('sp00132','Sirma Begum Purcu',10000000132,'password','sirma.purcu@gmail.com','M-11',05384524845,'Nurse');
INSERT INTO Nurses VALUES('sp00132');
INSERT INTO Users VALUES('gg00133','Gokböri Mert Guntek',10000000133,'password','gokböri.guntek@gmail.com','A-3',05341189137,'Nurse');
INSERT INTO Nurses VALUES('gg00133');
INSERT INTO Users VALUES('eb00134','Elif Kevser Buyükoztürk',10000000134,'password','elif.buyükoztürk@gmail.com','S-7',05358819188,'Nurse');
INSERT INTO Nurses VALUES('eb00134');
INSERT INTO Users VALUES('cc00135','Cagkan Caglayan',10000000135,'password','cagkan.caglayan@gmail.com','X-9',05393363638,'Nurse');
INSERT INTO Nurses VALUES('cc00135');
INSERT INTO Users VALUES('yg00136','Yaprak Ginovic',10000000136,'password','yaprak.ginovic@gmail.com','E-14',05356844995,'Nurse');
INSERT INTO Nurses VALUES('yg00136');
INSERT INTO Users VALUES('it00137','Ishak Tasak',10000000137,'password','ishak.tasak@gmail.com','K-5',05358948445,'Nurse');
INSERT INTO Nurses VALUES('it00137');
INSERT INTO Users VALUES('us00138','Uluc Emre Serifoglu',10000000138,'password','uluc.serifoglu@gmail.com','W-8',05376379123,'Nurse');
INSERT INTO Nurses VALUES('us00138');
INSERT INTO Users VALUES('io00139','Ibrahim Alp Ozkol',10000000139,'password','ibrahim.ozkol@gmail.com','Z-20',05393426357,'Nurse');
INSERT INTO Nurses VALUES('io00139');
INSERT INTO Users VALUES('nk00140','Nue Kayali',10000000140,'password','nue.kayali@gmail.com','Z-15',05384874354,'Nurse');
INSERT INTO Nurses VALUES('nk00140');
INSERT INTO Users VALUES('gt00141','Gulümse Togay',10000000141,'password','gulümse.togay@gmail.com','X-19',05358519733,'Nurse');
INSERT INTO Nurses VALUES('gt00141');
INSERT INTO Users VALUES('mk00142','Malik Karaaslanli',10000000142,'password','malik.karaaslanli@gmail.com','B-3',05397713267,'Nurse');
INSERT INTO Nurses VALUES('mk00142');
INSERT INTO Users VALUES('oo00143','Oktem Ozgumüs',10000000143,'password','oktem.ozgumüs@gmail.com','E-3',05393247192,'Nurse');
INSERT INTO Nurses VALUES('oo00143');
INSERT INTO Users VALUES('bc00144','Behcet Kutay Cuce',10000000144,'password','behcet.cuce@gmail.com','W-17',05323297463,'Nurse');
INSERT INTO Nurses VALUES('bc00144');
INSERT INTO Users VALUES('ce00145','Cisel Erkmen',10000000145,'password','cisel.erkmen@gmail.com','W-11',05324327322,'Nurse');
INSERT INTO Nurses VALUES('ce00145');
INSERT INTO Users VALUES('ht00146','Hilal Ebru Tanis',10000000146,'password','hilal.tanis@gmail.com','Y-12',05365643456,'Nurse');
INSERT INTO Nurses VALUES('ht00146');
INSERT INTO Users VALUES('bh00147','Busra Hazal Hicyilmam',10000000147,'password','busra.hicyilmam@gmail.com','M-12',05373757772,'Nurse');
INSERT INTO Nurses VALUES('bh00147');
INSERT INTO Users VALUES('mg00148','Mumüne Nihan Gumüssoy',10000000148,'password','mumüne.gumüssoy@gmail.com','W-18',05383758741,'Nurse');
INSERT INTO Nurses VALUES('mg00148');
INSERT INTO Users VALUES('gk00149','Gunay Kirmizi',10000000149,'password','gunay.kirmizi@gmail.com','B-13',05373827574,'Nurse');
INSERT INTO Nurses VALUES('gk00149');
INSERT INTO Users VALUES('ls00150','Lale Samlioglu',10000000150,'password','lale.samlioglu@gmail.com','P-6',05342232815,'Nurse');
INSERT INTO Nurses VALUES('ls00150');
INSERT INTO Rooms (r_id) VALUES(2000);
INSERT INTO Rooms (r_id) VALUES(2001);
INSERT INTO Rooms (r_id) VALUES(2002);
INSERT INTO Rooms (r_id) VALUES(2003);
INSERT INTO Rooms (r_id) VALUES(2004);
INSERT INTO Rooms (r_id) VALUES(2005);
INSERT INTO Rooms (r_id) VALUES(2006);
INSERT INTO Rooms (r_id) VALUES(2007);
INSERT INTO Rooms (r_id) VALUES(2008);
INSERT INTO Rooms (r_id) VALUES(2009);
INSERT INTO Rooms (r_id) VALUES(2010);
INSERT INTO Rooms (r_id) VALUES(2011);
INSERT INTO Rooms (r_id) VALUES(2012);
INSERT INTO Rooms (r_id) VALUES(2013);
INSERT INTO Rooms (r_id) VALUES(2014);
INSERT INTO Rooms (r_id) VALUES(2015);
INSERT INTO Rooms (r_id) VALUES(2016);
INSERT INTO Rooms (r_id) VALUES(2017);
INSERT INTO Rooms (r_id) VALUES(2018);
INSERT INTO Rooms (r_id) VALUES(2019);
INSERT INTO Rooms (r_id) VALUES(2020);
INSERT INTO Rooms (r_id) VALUES(2021);
INSERT INTO Rooms (r_id) VALUES(2022);
INSERT INTO Rooms (r_id) VALUES(2023);
INSERT INTO Rooms (r_id) VALUES(2024);
INSERT INTO Rooms (r_id) VALUES(2025);
INSERT INTO Rooms (r_id) VALUES(2026);
INSERT INTO Rooms (r_id) VALUES(2027);
INSERT INTO Rooms (r_id) VALUES(2028);
INSERT INTO Rooms (r_id) VALUES(2029);
INSERT INTO Rooms (r_id) VALUES(2030);
INSERT INTO Rooms (r_id) VALUES(2031);
INSERT INTO Rooms (r_id) VALUES(2032);
INSERT INTO Rooms (r_id) VALUES(2033);
INSERT INTO Rooms (r_id) VALUES(2034);
INSERT INTO Rooms (r_id) VALUES(2035);
INSERT INTO Rooms (r_id) VALUES(2036);
INSERT INTO Rooms (r_id) VALUES(2037);
INSERT INTO Rooms (r_id) VALUES(2038);
INSERT INTO Rooms (r_id) VALUES(2039);
INSERT INTO Rooms (r_id) VALUES(2040);
INSERT INTO Rooms (r_id) VALUES(2041);
INSERT INTO Rooms (r_id) VALUES(2042);
INSERT INTO Rooms (r_id) VALUES(2043);
INSERT INTO Rooms (r_id) VALUES(2044);
INSERT INTO Rooms (r_id) VALUES(2045);
INSERT INTO Rooms (r_id) VALUES(2046);
INSERT INTO Rooms (r_id) VALUES(2047);
INSERT INTO Rooms (r_id) VALUES(2048);
INSERT INTO Rooms (r_id) VALUES(2049);
INSERT INTO Rooms (r_id) VALUES(2050);
INSERT INTO Rooms (r_id) VALUES(2051);
INSERT INTO Rooms (r_id) VALUES(2052);
INSERT INTO Rooms (r_id) VALUES(2053);
INSERT INTO Rooms (r_id) VALUES(2054);
INSERT INTO Rooms (r_id) VALUES(2055);
INSERT INTO Rooms (r_id) VALUES(2056);
INSERT INTO Rooms (r_id) VALUES(2057);
INSERT INTO Rooms (r_id) VALUES(2058);
INSERT INTO Rooms (r_id) VALUES(2059);
INSERT INTO Rooms (r_id) VALUES(2060);
INSERT INTO Rooms (r_id) VALUES(2061);
INSERT INTO Rooms (r_id) VALUES(2062);
INSERT INTO Rooms (r_id) VALUES(2063);
INSERT INTO Rooms (r_id) VALUES(2064);
INSERT INTO Rooms (r_id) VALUES(2065);
INSERT INTO Rooms (r_id) VALUES(2066);
INSERT INTO Rooms (r_id) VALUES(2067);
INSERT INTO Rooms (r_id) VALUES(2068);
INSERT INTO Rooms (r_id) VALUES(2069);
INSERT INTO Rooms (r_id) VALUES(2070);
INSERT INTO Rooms (r_id) VALUES(2071);
INSERT INTO Rooms (r_id) VALUES(2072);
INSERT INTO Rooms (r_id) VALUES(2073);
INSERT INTO Rooms (r_id) VALUES(2074);
INSERT INTO Rooms (r_id) VALUES(2075);
INSERT INTO Rooms (r_id) VALUES(2076);
INSERT INTO Rooms (r_id) VALUES(2077);
INSERT INTO Rooms (r_id) VALUES(2078);
INSERT INTO Rooms (r_id) VALUES(2079);
INSERT INTO Rooms (r_id) VALUES(2080);
INSERT INTO Rooms (r_id) VALUES(2081);
INSERT INTO Rooms (r_id) VALUES(2082);
INSERT INTO Rooms (r_id) VALUES(2083);
INSERT INTO Rooms (r_id) VALUES(2084);
INSERT INTO Rooms (r_id) VALUES(2085);
INSERT INTO Rooms (r_id) VALUES(2086);
INSERT INTO Rooms (r_id) VALUES(2087);
INSERT INTO Rooms (r_id) VALUES(2088);
INSERT INTO Rooms (r_id) VALUES(2089);
INSERT INTO Rooms (r_id) VALUES(2090);
INSERT INTO Rooms (r_id) VALUES(2091);
INSERT INTO Rooms (r_id) VALUES(2092);
INSERT INTO Rooms (r_id) VALUES(2093);
INSERT INTO Rooms (r_id) VALUES(2094);
INSERT INTO Rooms (r_id) VALUES(2095);
INSERT INTO Rooms (r_id) VALUES(2096);
INSERT INTO Rooms (r_id) VALUES(2097);
INSERT INTO Rooms (r_id) VALUES(2098);
INSERT INTO Rooms (r_id) VALUES(2099);
INSERT INTO Rooms (r_id) VALUES(2100);