INSERT INTO users VALUES('mg00000','Muhammed Can Gilim',10000000000,'Qxk9HGXNxCuXpdIHXj5HCw==','muhammed.gilim@gmail.com','F-20',5325852741,'Manager','Female',9);
INSERT INTO managers VALUES('mg00000');
INSERT INTO users VALUES('ao00001','Ali Ozkok',10000000001,'password','ali.ozkok@gmail.com','B-8',5393784585,'Doctor','Female',20);
INSERT INTO doctors VALUES('ao00001','Gynecologist',100);
INSERT INTO users VALUES('gb00002','Gungor Erkin Bolge',10000000002,'password','gungor.bolge@gmail.com','U-20',5353512726,'Doctor','Female',0);
INSERT INTO doctors VALUES('gb00002','Dermatologist',101);
INSERT INTO users VALUES('as00003','Aybuke Ayca SametAkfirat',10000000003,'password','aybuke.sametakfirat@gmail.com','S-10',5365774119,'Doctor','Female',36);
INSERT INTO doctors VALUES('as00003','Neurologist',102);
INSERT INTO users VALUES('ik00004','Ilma Kocer',10000000004,'password','ilma.kocer@gmail.com','B-15',5335533465,'Doctor','Female',29);
INSERT INTO doctors VALUES('ik00004','Surgeon',103);
INSERT INTO users VALUES('pt00005','Pinar Gul Togay',10000000005,'password','pinar.togay@gmail.com','B-10',5364569883,'Doctor','Male',40);
INSERT INTO doctors VALUES('pt00005','Gynecologist',104);
INSERT INTO users VALUES('eb00006','Enginsu Bayrakoglu',10000000006,'password','enginsu.bayrakoglu@gmail.com','C-12',5363367976,'Doctor','Female',26);
INSERT INTO doctors VALUES('eb00006','Neurologist',105);
INSERT INTO users VALUES('md00007','Menekse Dundar',10000000007,'password','menekse.dundar@gmail.com','D-12',5311582417,'Doctor','Male',56);
INSERT INTO doctors VALUES('md00007','Radiologist',106);
INSERT INTO users VALUES('tg00008','Tugce Gural',10000000008,'password','tugce.gural@gmail.com','O-1',5316156761,'Doctor','Female',35);
INSERT INTO doctors VALUES('tg00008','Surgeon',107);
INSERT INTO users VALUES('bm00009','Bahar Ozlem Masir',10000000009,'password','bahar.masir@gmail.com','T-8',5316512239,'Doctor','Male',27);
INSERT INTO doctors VALUES('bm00009','Radiologist',108);
INSERT INTO users VALUES('eb00010','Eylem Bilgi',10000000010,'password','eylem.bilgi@gmail.com','H-4',5363228677,'Doctor','Male',20);
INSERT INTO doctors VALUES('eb00010','Radiologist',109);
INSERT INTO users VALUES('fs00011','Fatma Sena Sayici',10000000011,'password','fatma.sayici@gmail.com','R-19',5332857939,'Doctor','Female',20);
INSERT INTO doctors VALUES('fs00011','Radiologist',110);
INSERT INTO users VALUES('ao00012','Alkiz Oztemel',10000000012,'password','alkiz.oztemel@gmail.com','K-8',5387118812,'Doctor','Female',15);
INSERT INTO doctors VALUES('ao00012','Oncologist',111);
INSERT INTO users VALUES('ak00013','Aktac Kizilca',10000000013,'password','aktac.kizilca@gmail.com','J-7',5311823895,'Doctor','Female',3);
INSERT INTO doctors VALUES('ak00013','Oncologist',112);
INSERT INTO users VALUES('ho00014','Hanife Duygu Oztas',10000000014,'password','hanife.oztas@gmail.com','F-9',5369911568,'Doctor','Female',26);
INSERT INTO doctors VALUES('ho00014','Gynecologist',113);
INSERT INTO users VALUES('ie00015','Imran Musavi Ersoz',10000000015,'password','imran.ersoz@gmail.com','G-17',5347468158,'Doctor','Female',41);
INSERT INTO doctors VALUES('ie00015','Immunologist',114);
INSERT INTO users VALUES('ma00016','Mahmut Onur Altiok',10000000016,'password','mahmut.altiok@gmail.com','X-7',5377785299,'Doctor','Male',41);
INSERT INTO doctors VALUES('ma00016','Physiatrist',115);
INSERT INTO users VALUES('tu00017','Tomurcuk Ugur',10000000017,'password','tomurcuk.ugur@gmail.com','J-10',5327821586,'Doctor','Male',57);
INSERT INTO doctors VALUES('tu00017','Oncologist',116);
INSERT INTO users VALUES('pt00018','Pirıltı Tudes',10000000018,'password','pirıltı.tudes@gmail.com','F-8',5353764374,'Doctor','Male',18);
INSERT INTO doctors VALUES('pt00018','Cardiologist',117);
INSERT INTO users VALUES('yt00019','Yuksel Tolunay',10000000019,'password','yuksel.tolunay@gmail.com','G-15',5367429213,'Doctor','Female',22);
INSERT INTO doctors VALUES('yt00019','Neurologist',118);
INSERT INTO users VALUES('sb00020','Sarper Baydar',10000000020,'password','sarper.baydar@gmail.com','H-5',5336936873,'Doctor','Female',14);
INSERT INTO doctors VALUES('sb00020','Neurologist',119);
INSERT INTO users VALUES('fs00021','Fetullah Suhan',10000000021,'password','fetullah.suhan@gmail.com','V-18',5369885563,'Doctor','Male',8);
INSERT INTO doctors VALUES('fs00021','Radiologist',120);
INSERT INTO users VALUES('az00022','Arda Alan Zeybek',10000000022,'password','arda.zeybek@gmail.com','H-1',5358643212,'Doctor','Male',3);
INSERT INTO doctors VALUES('az00022','Gynecologist',121);
INSERT INTO users VALUES('ds00023','Dilsad Nur Su',10000000023,'password','dilsad.su@gmail.com','K-13',5346754212,'Doctor','Female',12);
INSERT INTO doctors VALUES('ds00023','Dermatologist',122);

INSERT INTO users VALUES('et00001','Ezgin Turkoglu',10000000024,'sN0nAutDVCQgUo090UzvZA==','ezgin.turkoglu@gmail.com','I-2',5322486469,'Doctor','Female',2);
INSERT INTO doctors VALUES('et00001','Oncologist',123);

INSERT INTO users VALUES('ay00025','Ali Berk Yoruten',10000000025,'password','ali.yoruten@gmail.com','P-17',5319283672,'Doctor','Male',8);
INSERT INTO doctors VALUES('ay00025','Surgeon',124);
INSERT INTO users VALUES('rm00026','Rana Munif',10000000026,'password','rana.munif@gmail.com','X-16',5311486629,'Doctor','Male',4);
INSERT INTO doctors VALUES('rm00026','Surgeon',125);
INSERT INTO users VALUES('gy00027','Guven Yeniev',10000000027,'password','guven.yeniev@gmail.com','Z-20',5322136682,'Doctor','Female',35);
INSERT INTO doctors VALUES('gy00027','Dermatologist',126);
INSERT INTO users VALUES('uo00028','Uluc Emre Ozkol',10000000028,'password','uluc.ozkol@gmail.com','B-19',5339422491,'Doctor','Female',31);
INSERT INTO doctors VALUES('uo00028','Psychiatrist',127);
INSERT INTO users VALUES('ap00029','Ahmet Can Piristina',10000000029,'password','ahmet.piristina@gmail.com','C-14',5343973186,'Doctor','Female',54);
INSERT INTO doctors VALUES('ap00029','Neurologist',128);
INSERT INTO users VALUES('ru00030','Ramazan Tarik Ulgey',10000000030,'password','ramazan.ulgey@gmail.com','I-20',5373654679,'Doctor','Male',1);
INSERT INTO doctors VALUES('ru00030','Dermatologist',129);
INSERT INTO users VALUES('zk00031','Ziynet Koytak',10000000031,'password','ziynet.koytak@gmail.com','B-16',5317388451,'Nurse','Male',4);
INSERT INTO nurses VALUES('zk00031');
INSERT INTO users VALUES('oa00032','Okyanus Acarkan',10000000032,'password','okyanus.acarkan@gmail.com','A-4',5359966738,'Nurse','Male',20);
INSERT INTO nurses VALUES('oa00032');
INSERT INTO users VALUES('ed00033','Ecegul Dereli',10000000033,'password','ecegul.dereli@gmail.com','L-19',5353281841,'Nurse','Male',43);
INSERT INTO nurses VALUES('ed00033');
INSERT INTO users VALUES('ar00034','Ahuela Rauf',10000000034,'password','ahuela.rauf@gmail.com','W-12',5336974753,'Nurse','Female',53);
INSERT INTO nurses VALUES('ar00034');
INSERT INTO users VALUES('ok00035','Ogan Kocabas',10000000035,'password','ogan.kocabas@gmail.com','N-8',5372511969,'Nurse','Male',12);
INSERT INTO nurses VALUES('ok00035');
INSERT INTO users VALUES('mt00036','Mahmut Onur Tekin',10000000036,'password','mahmut.tekin@gmail.com','M-3',5311839985,'Nurse','Female',34);
INSERT INTO nurses VALUES('mt00036');
INSERT INTO users VALUES('hk00037','Hasan Fahri Kuntman',10000000037,'password','hasan.kuntman@gmail.com','G-15',5323312162,'Nurse','Female',29);
INSERT INTO nurses VALUES('hk00037');
INSERT INTO users VALUES('am00038','Aysegul Muslu',10000000038,'password','aysegul.muslu@gmail.com','P-8',5328769858,'Nurse','Male',6);
INSERT INTO nurses VALUES('am00038');
INSERT INTO users VALUES('kd00039','Kamer Dudu',10000000039,'password','kamer.dudu@gmail.com','W-14',5372369558,'Nurse','Female',4);
INSERT INTO nurses VALUES('kd00039');
INSERT INTO users VALUES('bs00040','Bayar Sel',10000000040,'password','bayar.sel@gmail.com','C-15',5395414915,'Nurse','Male',0);
INSERT INTO nurses VALUES('bs00040');
INSERT INTO users VALUES('eb00041','Ergun Berberoglu',10000000041,'password','ergun.berberoglu@gmail.com','O-2',5392519649,'Nurse','Male',41);
INSERT INTO nurses VALUES('eb00041');
INSERT INTO users VALUES('ks00042','Kayihan Nedim Saygin',10000000042,'password','kayihan.saygin@gmail.com','R-7',5329179786,'Nurse','Female',6);
INSERT INTO nurses VALUES('ks00042');
INSERT INTO users VALUES('ze00043','Zehra Pelin Esat',10000000043,'password','zehra.esat@gmail.com','X-14',5385825586,'Nurse','Male',39);
INSERT INTO nurses VALUES('ze00043');
INSERT INTO users VALUES('sp00044','Selma Simge Piristina',10000000044,'password','selma.piristina@gmail.com','N-20',5324578683,'Nurse','Female',13);
INSERT INTO nurses VALUES('sp00044');
INSERT INTO users VALUES('io00045','Imran Musavi Ozar',10000000045,'password','imran.ozar@gmail.com','S-13',5366242324,'Nurse','Female',1);
INSERT INTO nurses VALUES('io00045');
INSERT INTO users VALUES('cd00046','Cisil Hazal Demiroglu',10000000046,'password','cisil.demiroglu@gmail.com','I-9',5364127823,'Nurse','Male',31);
INSERT INTO nurses VALUES('cd00046');
INSERT INTO users VALUES('od00047','Ozan Ege Deliloglu',10000000047,'password','ozan.deliloglu@gmail.com','I-2',5382312325,'Nurse','Female',40);
INSERT INTO nurses VALUES('od00047');
INSERT INTO users VALUES('ea00048','Emine Tugce Akova',10000000048,'password','emine.akova@gmail.com','M-17',5365211747,'Nurse','Female',12);
INSERT INTO nurses VALUES('ea00048');
INSERT INTO users VALUES('ay00049','Anil Seckin Yerliyurt',10000000049,'password','anil.yerliyurt@gmail.com','O-20',5315648715,'Nurse','Male',59);
INSERT INTO nurses VALUES('ay00049');
INSERT INTO users VALUES('bk00050','Barin Karacay',10000000050,'password','barin.karacay@gmail.com','X-5',5381532944,'Nurse','Male',15);
INSERT INTO nurses VALUES('bk00050');
INSERT INTO users VALUES('ok00051','Ozge Elif Kizil',10000000051,'password','ozge.kizil@gmail.com','K-9',5334662135,'Nurse','Female',42);
INSERT INTO nurses VALUES('ok00051');
INSERT INTO users VALUES('bc00052','Balin Celik',10000000052,'password','balin.celik@gmail.com','F-10',5357426791,'Nurse','Female',29);
INSERT INTO nurses VALUES('bc00052');
INSERT INTO users VALUES('ii00053','Ilgar Pamir Icten',10000000053,'password','ilgar.icten@gmail.com','L-14',5374658146,'Nurse','Male',28);
INSERT INTO nurses VALUES('ii00053');
INSERT INTO users VALUES('eb00054','Ecem Hatice Boya',10000000054,'password','ecem.boya@gmail.com','Y-16',5311231824,'Nurse','Female',27);
INSERT INTO nurses VALUES('eb00054');
INSERT INTO users VALUES('mk00055','Murside Kavas',10000000055,'password','murside.kavas@gmail.com','U-1',5357479852,'Nurse','Male',51);
INSERT INTO nurses VALUES('mk00055');
INSERT INTO users VALUES('ty00056','Tunc Yapar',10000000056,'password','tunc.yapar@gmail.com','Y-2',5342756439,'Nurse','Male',35);
INSERT INTO nurses VALUES('ty00056');
INSERT INTO users VALUES('bo00057','Banuhan Ozakyol',10000000057,'password','banuhan.ozakyol@gmail.com','J-14',5399133622,'Nurse','Male',33);
INSERT INTO nurses VALUES('bo00057');
INSERT INTO users VALUES('ut00058','Uluc Emre TekinEgeli',10000000058,'password','uluc.tekinegeli@gmail.com','R-18',5345113942,'Nurse','Female',1);
INSERT INTO nurses VALUES('ut00058');
INSERT INTO users VALUES('ku00059','Kubra Tansu Usumi',10000000059,'password','kubra.usumi@gmail.com','E-16',5392737544,'Nurse','Male',18);
INSERT INTO nurses VALUES('ku00059');
INSERT INTO users VALUES('oh00060','Onur Kerem Halacoglu',10000000060,'password','onur.halacoglu@gmail.com','T-13',5343218966,'Nurse','Male',39);
INSERT INTO nurses VALUES('oh00060');
INSERT INTO users VALUES('mf00061','Muktedir Fatin',10000000061,'password','muktedir.fatin@gmail.com','T-8',5329862252,'Nurse','Male',5);
INSERT INTO nurses VALUES('mf00061');
INSERT INTO users VALUES('he00062','Hikmet Nazli Esat',10000000062,'password','hikmet.esat@gmail.com','S-8',5347953537,'Nurse','Male',7);
INSERT INTO nurses VALUES('he00062');
INSERT INTO users VALUES('io00063','Ismail Ozaydin',10000000063,'password','ismail.ozaydin@gmail.com','E-5',5329443435,'Nurse','Male',12);
INSERT INTO nurses VALUES('io00063');
INSERT INTO users VALUES('uv00064','Ugur Can Vanli',10000000064,'password','ugur.vanli@gmail.com','L-12',5396633751,'Nurse','Female',52);
INSERT INTO nurses VALUES('uv00064');
INSERT INTO users VALUES('ek00065','Emircan Kutanoglu',10000000065,'password','emircan.kutanoglu@gmail.com','Z-10',5368185871,'Nurse','Male',42);
INSERT INTO nurses VALUES('ek00065');
INSERT INTO users VALUES('ku00066','Kivılcım Usluer',10000000066,'password','kivılcım.usluer@gmail.com','R-20',5363594632,'Nurse','Male',53);
INSERT INTO nurses VALUES('ku00066');
INSERT INTO users VALUES('fo00067','Firuze Ocalan',10000000067,'password','firuze.ocalan@gmail.com','B-10',5376267316,'Nurse','Female',37);
INSERT INTO nurses VALUES('fo00067');
INSERT INTO users VALUES('ek00068','Elif Etga Kapsiz',10000000068,'password','elif.kapsiz@gmail.com','N-3',5322922656,'Nurse','Male',40);
INSERT INTO nurses VALUES('ek00068');
INSERT INTO users VALUES('ak00069','Alagul Karabulut',10000000069,'password','alagul.karabulut@gmail.com','O-6',5333948341,'Nurse','Female',4);
INSERT INTO nurses VALUES('ak00069');
INSERT INTO users VALUES('ms00070','Muhammet Fatih Schmitz',10000000070,'password','muhammet.schmitz@gmail.com','X-4',5348261416,'Nurse','Female',2);
INSERT INTO nurses VALUES('ms00070');

INSERT INTO users VALUES('ci00098','Cihan Ipekoglu',10000000071,'MwmhDLU0xly/+XSrMUD5WA==','cihan.ipekoglu@gmail.com','P-5',5385922792,'Patient','Male',36);
INSERT INTO patients VALUES('ci00098');

INSERT INTO users VALUES('bh00072','Bernanur Hadi',10000000072,'password','bernanur.hadi@gmail.com','V-11',5324467879,'Patient','Female',49);
INSERT INTO patients VALUES('bh00072');
INSERT INTO users VALUES('ay00073','Abbas Yel',10000000073,'password','abbas.yel@gmail.com','H-1',5334866981,'Patient','Male',29);
INSERT INTO patients VALUES('ay00073');
INSERT INTO users VALUES('mc00074','Mehmet Tarik Ciddi',10000000074,'password','mehmet.ciddi@gmail.com','W-2',5346466894,'Patient','Male',2);
INSERT INTO patients VALUES('mc00074');
INSERT INTO users VALUES('dk00075','Didem Kadoglu',10000000075,'password','didem.kadoglu@gmail.com','Y-5',5397363198,'Patient','Male',72);
INSERT INTO patients VALUES('dk00075');
INSERT INTO users VALUES('mb00076','Mehmet Eren Bilgec',10000000076,'password','mehmet.bilgec@gmail.com','L-10',5331931937,'Patient','Male',5);
INSERT INTO patients VALUES('mb00076');

INSERT INTO users VALUES('es00078','Emine Tugce Sengul',10000000078,'password','emine.sengul@gmail.com','Z-5',5344617593,'Patient','Female',27);
INSERT INTO patients VALUES('es00078');
INSERT INTO users VALUES('ge00079','Gungor Erkin Esvap',10000000079,'password','gungor.esvap@gmail.com','Q-6',5333411436,'Patient','Male',77);
INSERT INTO patients VALUES('ge00079');
INSERT INTO users VALUES('gb00080','Gulsen Dilan Bulend',10000000080,'password','gulsen.bulend@gmail.com','F-2',5323189789,'Patient','Male',96);
INSERT INTO patients VALUES('gb00080');
INSERT INTO users VALUES('sm00081','Sabiha Esra Morgul',10000000081,'password','sabiha.morgul@gmail.com','H-2',5321566791,'Patient','Male',97);
INSERT INTO patients VALUES('sm00081');
INSERT INTO users VALUES('mo00082','Macide Ozay',10000000082,'password','macide.ozay@gmail.com','Y-8',5317438221,'Patient','Female',80);
INSERT INTO patients VALUES('mo00082');
INSERT INTO users VALUES('ih00083','Ilkin Hizarcioglu',10000000083,'password','ilkin.hizarcioglu@gmail.com','Y-7',5385395744,'Patient','Female',62);
INSERT INTO patients VALUES('ih00083');
INSERT INTO users VALUES('hc00084','Haci Mehmet Canan',10000000084,'password','haci.canan@gmail.com','A-7',5352313136,'Patient','Male',22);
INSERT INTO patients VALUES('hc00084');
INSERT INTO users VALUES('zt00085','Zarife Begum Tanis',10000000085,'password','zarife.tanis@gmail.com','J-2',5368856715,'Patient','Female',57);
INSERT INTO patients VALUES('zt00085');
INSERT INTO users VALUES('ak00086','Aysel Aysu Karadalan',10000000086,'password','aysel.karadalan@gmail.com','R-4',5397493221,'Patient','Female',8);
INSERT INTO patients VALUES('ak00086');
INSERT INTO users VALUES('nt00087','Nusret Tolunay',10000000087,'password','nusret.tolunay@gmail.com','T-13',5386456784,'Patient','Male',19);
INSERT INTO patients VALUES('nt00087');
INSERT INTO users VALUES('az00088','Ali Ozan Ziyade',10000000088,'password','ali.ziyade@gmail.com','Q-9',5393967366,'Patient','Female',2);
INSERT INTO patients VALUES('az00088');
INSERT INTO users VALUES('gt00089','Gunaydin Tarlakazan',10000000089,'password','gunaydin.tarlakazan@gmail.com','I-9',5326249799,'Patient','Male',8);
INSERT INTO patients VALUES('gt00089');
INSERT INTO users VALUES('at00090','Ali Berk Tasli',10000000090,'password','ali.tasli@gmail.com','L-4',5323947982,'Patient','Female',62);
INSERT INTO patients VALUES('at00090');
INSERT INTO rooms (r_id) VALUES(2000);
INSERT INTO rooms (r_id) VALUES(2001);
INSERT INTO rooms (r_id) VALUES(2002);
INSERT INTO rooms (r_id) VALUES(2003);
INSERT INTO rooms (r_id) VALUES(2004);
INSERT INTO rooms (r_id) VALUES(2005);
INSERT INTO rooms (r_id) VALUES(2006);
INSERT INTO rooms (r_id) VALUES(2007);
INSERT INTO rooms (r_id) VALUES(2008);
INSERT INTO rooms (r_id) VALUES(2009);
INSERT INTO rooms (r_id) VALUES(2010);
INSERT INTO rooms (r_id) VALUES(2011);
INSERT INTO rooms (r_id) VALUES(2012);
INSERT INTO rooms (r_id) VALUES(2013);
INSERT INTO rooms (r_id) VALUES(2014);
INSERT INTO rooms (r_id) VALUES(2015);
INSERT INTO rooms (r_id) VALUES(2016);
INSERT INTO rooms (r_id) VALUES(2017);
INSERT INTO rooms (r_id) VALUES(2018);
INSERT INTO rooms (r_id) VALUES(2019);
INSERT INTO rooms (r_id) VALUES(2020);
INSERT INTO rooms (r_id) VALUES(2021);
INSERT INTO rooms (r_id) VALUES(2022);
INSERT INTO rooms (r_id) VALUES(2023);
INSERT INTO rooms (r_id) VALUES(2024);
INSERT INTO rooms (r_id) VALUES(2025);
INSERT INTO rooms (r_id) VALUES(2026);
INSERT INTO rooms (r_id) VALUES(2027);
INSERT INTO rooms (r_id) VALUES(2028);
INSERT INTO rooms (r_id) VALUES(2029);
INSERT INTO rooms (r_id) VALUES(2030);
INSERT INTO rooms (r_id) VALUES(2031);
INSERT INTO rooms (r_id) VALUES(2032);
INSERT INTO rooms (r_id) VALUES(2033);
INSERT INTO rooms (r_id) VALUES(2034);
INSERT INTO rooms (r_id) VALUES(2035);
INSERT INTO rooms (r_id) VALUES(2036);
INSERT INTO rooms (r_id) VALUES(2037);
INSERT INTO rooms (r_id) VALUES(2038);
INSERT INTO rooms (r_id) VALUES(2039);
INSERT INTO rooms (r_id) VALUES(2040);
INSERT INTO rooms (r_id) VALUES(2041);
INSERT INTO rooms (r_id) VALUES(2042);
INSERT INTO rooms (r_id) VALUES(2043);
INSERT INTO rooms (r_id) VALUES(2044);
INSERT INTO rooms (r_id) VALUES(2045);
INSERT INTO rooms (r_id) VALUES(2046);
INSERT INTO rooms (r_id) VALUES(2047);
INSERT INTO rooms (r_id) VALUES(2048);
INSERT INTO rooms (r_id) VALUES(2049);

INSERT INTO appointments (d_username,p_username,ap_slot) VALUES('et00001','ci00098','2019-12-16 10:30:00');
INSERT INTO appointments (d_username,p_username,ap_slot) VALUES('et00001','ci00098','2019-12-17 11:30:00');
INSERT INTO appointments (d_username,p_username,ap_slot) VALUES('ay00025','ci00098','2019-12-18 15:30:00');
INSERT INTO appointments (d_username,p_username,ap_slot) VALUES('uo00028','ci00098','2019-12-19 18:30:00');

INSERT INTO appointments (d_username,p_username,ap_slot) VALUES('et00001','ci00098','2020-12-16 10:30:00');
INSERT INTO appointments (d_username,p_username,ap_slot) VALUES('et00001','ci00098','2020-12-17 11:30:00');
INSERT INTO appointments (d_username,p_username,ap_slot) VALUES('ay00025','ci00098','2020-12-18 15:30:00');
INSERT INTO appointments (d_username,p_username,ap_slot) VALUES('uo00028','ci00098','2020-12-19 18:30:00');

INSERT INTO appointments (d_username,p_username,ap_slot) VALUES('et00001','ci00098','2019-12-26 11:30:00');
INSERT INTO appointments (d_username,p_username,ap_slot) VALUES('et00001','ci00098','2019-12-27 10:30:00');
INSERT INTO appointments (d_username,p_username,ap_slot) VALUES('ay00025','ci00098','2019-12-28 12:30:00');
INSERT INTO appointments (d_username,p_username,ap_slot) VALUES('uo00028','ci00098','2019-12-30 13:30:00');

INSERT INTO appointments (d_username,p_username,ap_slot) VALUES('ao00001','mb00076','2019-12-06 10:30:00');
INSERT INTO appointments (d_username,p_username,ap_slot) VALUES('bm00009','ay00073','2019-12-12 16:00:00');
INSERT INTO appointments (d_username,p_username,ap_slot) VALUES('eb00010','hc00084','2019-12-28 15:30:00');
INSERT INTO appointments (d_username,p_username,ap_slot) VALUES('sb00020','mo00082','2019-12-14 13:00:00');
INSERT INTO appointments (d_username,p_username,ap_slot) VALUES('ik00004','mo00082','2019-12-22 14:30:00');

INSERT INTO appointments (d_username,p_username,ap_slot) VALUES('fs00011','es00078','2019-12-14 08:30:00');
INSERT INTO appointments (d_username,p_username,ap_slot) VALUES('ma00016','sm00081','2019-12-04 16:30:00');

INSERT INTO appointments (d_username,p_username,ap_slot) VALUES('tg00008','mo00082','2019-12-17 11:30:00');
INSERT INTO appointments (d_username,p_username,ap_slot) VALUES('ay00025','gb00080','2019-12-03 11:00:00');
INSERT INTO appointments (d_username,p_username,ap_slot) VALUES('ds00023','az00088','2019-12-06 08:30:00');
INSERT INTO appointments (d_username,p_username,ap_slot) VALUES('ru00030','mb00076','2019-12-10 10:00:00');
INSERT INTO appointments (d_username,p_username,ap_slot) VALUES('uo00028','zt00085','2019-12-27 13:00:00');
INSERT INTO appointments (d_username,p_username,ap_slot) VALUES('yt00019','ge00079','2019-12-12 12:30:00');
INSERT INTO appointments (d_username,p_username,ap_slot) VALUES('ma00016','hc00084','2019-12-14 14:30:00');
INSERT INTO appointments (d_username,p_username,ap_slot) VALUES('ay00025','mc00074','2019-12-02 09:30:00');
INSERT INTO appointments (d _username,p_username,ap_slot) VALUES('gy00027','dk00075','2019-12-19 08:00:00');
